,CustomerID,Gender,Age,Annual Income (k$),Spending Score (1-100),log_Age,sqrt_Age,log_Annual Income (k$),log_Age_std,log_Age_minmax,Annual_Income_std,Annual_Income_min_max,Spending Score std,Spending Score min-max
0,1,Male,19,15,39,2.9444389791664403,4.358898943540674,2.70805020110221,-1.774479917848146,0.039810239570364114,-1.7389991930659485,0.0,-0.43480147996914814,0.38775510204081626
1,2,Male,21,15,81,3.044522437723423,4.58257569495584,2.70805020110221,-1.5011402956100597,0.11350269811686031,-1.7389991930659485,0.0,1.195704069915157,0.8163265306122448
2,3,Female,20,16,6,2.995732273553991,4.47213595499958,2.772588722239781,-1.6343919361437824,0.07757800883880606,-1.7008297638941763,0.008196721311475405,-1.7159129834496736,0.05102040816326531
3,4,Female,23,16,77,3.1354942159291497,4.795831523312719,2.772588722239781,-1.2526857373083728,0.18048613465057795,-1.7008297638941763,0.008196721311475405,1.0404178270690327,0.7755102040816326
4,5,Female,31,17,40,3.4339872044851463,5.5677643628300215,2.833213344056216,-0.43746650019377853,0.40026952845744557,-1.6626603347224038,0.016393442622950824,-0.3959799192576171,0.39795918367346933
5,6,Female,22,17,76,3.091042453358316,4.69041575982343,2.833213344056216,-1.3740886960401686,0.1477558541646693,-1.6626603347224038,0.016393442622950824,1.0015962663575015,0.7653061224489796
6,7,Female,35,18,6,3.5553480614894135,5.916079783099616,2.8903717578961645,-0.10601581607148798,0.48962874978034066,-1.6244909055506316,0.024590163934426215,-1.7159129834496736,0.05102040816326531
7,8,Female,23,18,94,3.1354942159291497,4.795831523312719,2.8903717578961645,-1.2526857373083728,0.18048613465057795,-1.6244909055506316,0.024590163934426215,1.700384359165061,0.9489795918367346
8,9,Male,64,19,3,4.1588830833596715,8.0,2.9444389791664403,1.5423088647901904,0.9340176650096277,-1.5863214763788591,0.032786885245901634,-1.832377665584267,0.020408163265306124
9,10,Female,30,19,72,3.4011973816621555,5.477225575051661,2.9444389791664403,-0.5270193385240719,0.3761260516634808,-1.5863214763788591,0.032786885245901634,0.8463100235113773,0.7244897959183673
10,11,Male,67,19,14,4.204692619390966,8.18535277187245,2.9444389791664403,1.6674200615277293,0.9677476877695663,-1.5863214763788591,0.032786885245901634,-1.405340497757425,0.13265306122448978
11,12,Female,35,19,99,3.5553480614894135,5.916079783099616,2.9444389791664403,-0.10601581607148798,0.48962874978034066,-1.5863214763788591,0.032786885245901634,1.8944921627227165,0.9999999999999999
12,13,Female,58,20,15,4.060443010546419,7.615773105863909,2.995732273553991,1.2734575210834354,0.861535247937935,-1.5481520472070869,0.04098360655737705,-1.3665189370458939,0.14285714285714282
13,14,Female,24,20,77,3.1780538303479458,4.898979485566356,2.995732273553991,-1.1364504563182687,0.21182320739498461,-1.5481520472070869,0.04098360655737705,1.0404178270690327,0.7755102040816326
14,15,Male,37,20,13,3.6109179126442243,6.082762530298219,2.995732273553991,0.045751941972510334,0.5305453908687316,-1.5481520472070869,0.04098360655737705,-1.444162058468956,0.12244897959183672
15,16,Male,22,20,79,3.091042453358316,4.69041575982343,2.995732273553991,-1.3740886960401686,0.1477558541646693,-1.5481520472070869,0.04098360655737705,1.118060948492095,0.7959183673469387
16,17,Female,35,21,35,3.5553480614894135,5.916079783099616,3.044522437723423,-0.10601581607148798,0.48962874978034066,-1.5099826180353144,0.049180327868852444,-0.5900877228152724,0.346938775510204
17,18,Male,20,21,66,2.995732273553991,4.47213595499958,3.044522437723423,-1.6343919361437824,0.07757800883880606,-1.5099826180353144,0.049180327868852444,0.6133806592421909,0.6632653061224489
18,19,Male,52,23,29,3.9512437185814275,7.211102550927978,3.1354942159291497,0.9752214924255828,0.7811307094411442,-1.4336437596917697,0.06557377049180328,-0.823017087084459,0.2857142857142857
19,20,Female,35,23,98,3.5553480614894135,5.916079783099616,3.1354942159291497,-0.10601581607148798,0.48962874978034066,-1.4336437596917697,0.06557377049180328,1.8556706020111853,0.9897959183673468
20,21,Male,35,24,35,3.5553480614894135,5.916079783099616,3.1780538303479458,-0.10601581607148798,0.48962874978034066,-1.3954743305199975,0.07377049180327867,-0.5900877228152724,0.346938775510204
21,22,Male,25,24,73,3.2188758248682006,5.0,3.1780538303479458,-1.0249608183495857,0.24188085310730223,-1.3954743305199975,0.07377049180327867,0.8851315842229084,0.7346938775510203
22,23,Female,46,25,5,3.828641396489095,6.782329983125268,3.2188758248682006,0.6403802220557125,0.6908573848702368,-1.357304901348225,0.08196721311475409,-1.7547345441612048,0.04081632653061224
23,24,Male,31,25,73,3.4339872044851463,5.5677643628300215,3.2188758248682006,-0.43746650019377853,0.40026952845744557,-1.357304901348225,0.08196721311475409,0.8851315842229084,0.7346938775510203
24,25,Female,54,28,14,3.9889840465642745,7.3484692283495345,3.332204510175204,1.0782947389211512,0.8089192930443341,-1.2427966138329078,0.10655737704918032,-1.405340497757425,0.13265306122448978
25,26,Male,29,28,82,3.367295829986474,5.385164807134504,3.332204510175204,-0.6196084382806488,0.3511639977182761,-1.2427966138329078,0.10655737704918032,1.234525630626688,0.8265306122448979
26,27,Female,45,28,32,3.8066624897703196,6.708203932499369,3.332204510175204,0.5803532590956374,0.6746740944881555,-1.2427966138329078,0.10655737704918032,-0.7065524049498657,0.31632653061224486
27,28,Male,35,28,61,3.5553480614894135,5.916079783099616,3.332204510175204,-0.10601581607148798,0.48962874978034066,-1.2427966138329078,0.10655737704918032,0.4192728556845355,0.6122448979591836
28,29,Female,40,29,31,3.6888794541139363,6.324555320336759,3.367295829986474,0.258674023220303,0.587949259058465,-1.2046271846611356,0.11475409836065574,-0.7453739656613968,0.3061224489795918
29,30,Female,23,29,87,3.1354942159291497,4.795831523312719,3.367295829986474,-1.2526857373083728,0.18048613465057795,-1.2046271846611356,0.11475409836065574,1.4286334341843434,0.8775510204081631
30,31,Male,60,30,4,4.0943445622221,7.745966692414834,3.4011973816621555,1.3660466208400122,0.8864973018831397,-1.1664577554893631,0.12295081967213116,-1.7935561048727358,0.030612244897959183
31,32,Female,21,30,73,3.044522437723423,4.58257569495584,3.4011973816621555,-1.5011402956100597,0.11350269811686031,-1.1664577554893631,0.12295081967213116,0.8851315842229084,0.7346938775510203
32,33,Male,53,33,4,3.970291913552122,7.280109889280518,3.4965075614664802,1.0272443390845303,0.7951560872458514,-1.0519494679740462,0.14754098360655737,-1.7935561048727358,0.030612244897959183
33,34,Male,18,33,92,2.8903717578961645,4.242640687119285,3.4965075614664802,-1.9221438180626447,0.0,-1.0519494679740462,0.14754098360655737,1.622741237741999,0.9285714285714285
34,35,Female,49,33,14,3.8918202981106265,7.0,3.4965075614664802,0.8129291862066097,0.7373766464533795,-1.0519494679740462,0.14754098360655737,-1.405340497757425,0.13265306122448978
35,36,Female,21,33,81,3.044522437723423,4.58257569495584,3.4965075614664802,-1.5011402956100597,0.11350269811686031,-1.0519494679740462,0.14754098360655737,1.195704069915157,0.8163265306122448
36,37,Female,42,34,17,3.7376696182833684,6.48074069840786,3.5263605246161616,0.3919256637540258,0.6238739483365197,-1.0137800388022737,0.1557377049180328,-1.288875815622832,0.16326530612244897
37,38,Female,30,34,73,3.4011973816621555,5.477225575051661,3.5263605246161616,-0.5270193385240719,0.3761260516634808,-1.0137800388022737,0.1557377049180328,0.8851315842229084,0.7346938775510203
38,39,Female,36,37,26,3.58351893845611,6.0,3.6109179126442243,-0.029077858698559354,0.5103712502196593,-0.8992717512869568,0.180327868852459,-0.9394817692190521,0.2551020408163265
39,40,Female,20,37,75,2.995732273553991,4.47213595499958,3.6109179126442243,-1.6343919361437824,0.07757800883880606,-0.8992717512869568,0.180327868852459,0.9627747056459706,0.7551020408163265
40,41,Female,65,38,35,4.174387269895637,8.06225774829855,3.6375861597263857,1.5846526102197782,0.9454335537096399,-0.8611023221151844,0.1885245901639344,-0.5900877228152724,0.346938775510204
41,42,Male,24,38,92,3.1780538303479458,4.898979485566356,3.6375861597263857,-1.1364504563182687,0.21182320739498461,-0.8611023221151844,0.1885245901639344,1.622741237741999,0.9285714285714285
42,43,Male,48,39,36,3.871201010907891,6.928203230275509,3.6635616461296463,0.7566155030458167,0.722194457614644,-0.8229328929434121,0.19672131147540983,-0.5512661621037414,0.3571428571428571
43,44,Female,31,39,61,3.4339872044851463,5.5677643628300215,3.6635616461296463,-0.43746650019377853,0.40026952845744557,-0.8229328929434121,0.19672131147540983,0.4192728556845355,0.6122448979591836
44,45,Female,49,39,28,3.8918202981106265,7.0,3.6635616461296463,0.8129291862066097,0.7373766464533795,-0.8229328929434121,0.19672131147540983,-0.86183864779599,0.2755102040816326
45,46,Female,24,39,65,3.1780538303479458,4.898979485566356,3.6635616461296463,-1.1364504563182687,0.21182320739498461,-0.8229328929434121,0.19672131147540983,0.5745590985306598,0.6530612244897959
46,47,Female,50,40,55,3.912023005428146,7.0710678118654755,3.6888794541139363,0.8681051410144996,0.7522521033269611,-0.7847634637716397,0.20491803278688525,0.18634349141534906,0.5510204081632653
47,48,Female,27,40,47,3.295836866004329,5.196152422706632,3.6888794541139363,-0.8147712204429343,0.2985480428246752,-0.7847634637716397,0.20491803278688525,-0.12422899427689955,0.4693877551020408
48,49,Female,29,40,42,3.367295829986474,5.385164807134504,3.6888794541139363,-0.6196084382806488,0.3511639977182761,-0.7847634637716397,0.20491803278688525,-0.31833679783455493,0.4183673469387755
49,50,Female,31,40,42,3.4339872044851463,5.5677643628300215,3.6888794541139363,-0.43746650019377853,0.40026952845744557,-0.7847634637716397,0.20491803278688525,-0.31833679783455493,0.4183673469387755
50,51,Female,49,42,52,3.8918202981106265,7.0,3.7376696182833684,0.8129291862066097,0.7373766464533795,-0.7084246054280949,0.22131147540983603,0.06987880928075582,0.520408163265306
51,52,Male,33,42,60,3.4965075614664802,5.744562646538029,3.7376696182833684,-0.2667160984204594,0.4463038969893436,-0.7084246054280949,0.22131147540983603,0.38045129497300445,0.6020408163265305
52,53,Female,31,43,54,3.4339872044851463,5.5677643628300215,3.7612001156935624,-0.43746650019377853,0.40026952845744557,-0.6702551762563226,0.22950819672131145,0.14752193070381797,0.5408163265306122
53,54,Male,59,43,60,4.07753744390572,7.681145747868608,3.7612001156935624,1.3201444164423226,0.8741220513904642,-0.6702551762563226,0.22950819672131145,0.38045129497300445,0.6020408163265305
54,55,Female,50,43,45,3.912023005428146,7.0710678118654755,3.7612001156935624,0.8681051410144996,0.7522521033269611,-0.6702551762563226,0.22950819672131145,-0.20187211569996172,0.44897959183673464
55,56,Male,47,43,41,3.8501476017100584,6.855654600401044,3.7612001156935624,0.6991161819798588,0.7066926203785697,-0.6702551762563226,0.22950819672131145,-0.357158358546086,0.4081632653061224
56,57,Female,51,44,50,3.9318256327243257,7.14142842854285,3.784189633918261,0.9221884305260984,0.7668329772513429,-0.6320857470845502,0.23770491803278687,-0.007764312142306325,0.5
57,58,Male,69,44,46,4.23410650459726,8.306623862918075,3.784189633918261,1.747752819675423,0.9894054276949116,-0.6320857470845502,0.23770491803278687,-0.16305055498843063,0.4591836734693877
58,59,Female,27,46,51,3.295836866004329,5.196152422706632,3.828641396489095,-0.8147712204429343,0.2985480428246752,-0.5557468887410055,0.2540983606557377,0.03105724856922475,0.510204081632653
59,60,Male,53,46,46,3.970291913552122,7.280109889280518,3.828641396489095,1.0272443390845303,0.7951560872458514,-0.5557468887410055,0.2540983606557377,-0.16305055498843063,0.4591836734693877
60,61,Male,70,46,56,4.248495242049359,8.366600265340756,3.828641396489095,1.7870501432925987,1.0000000000000004,-0.5557468887410055,0.2540983606557377,0.22516505212688012,0.5612244897959183
61,62,Male,19,46,55,2.9444389791664403,4.358898943540674,3.828641396489095,-1.774479917848146,0.039810239570364114,-0.5557468887410055,0.2540983606557377,0.18634349141534906,0.5510204081632653
62,63,Female,67,47,52,4.204692619390966,8.18535277187245,3.8501476017100584,1.6674200615277293,0.9677476877695663,-0.5175774595692332,0.26229508196721313,0.06987880928075582,0.520408163265306
63,64,Female,54,47,59,3.9889840465642745,7.3484692283495345,3.8501476017100584,1.0782947389211512,0.8089192930443341,-0.5175774595692332,0.26229508196721313,0.34162973426147336,0.5918367346938775
64,65,Male,63,48,51,4.143134726391533,7.937253933193772,3.871201010907891,1.4992982613737351,0.9224219911611939,-0.4794080303974609,0.2704918032786885,0.03105724856922475,0.510204081632653
65,66,Male,18,48,59,2.8903717578961645,4.242640687119285,3.871201010907891,-1.9221438180626447,0.0,-0.4794080303974609,0.2704918032786885,0.34162973426147336,0.5918367346938775
66,67,Female,43,48,50,3.7612001156935624,6.557438524302,3.871201010907891,0.45619020222932966,0.6411996905718551,-0.4794080303974609,0.2704918032786885,-0.007764312142306325,0.5
67,68,Female,68,48,48,4.219507705176107,8.246211251235321,3.871201010907891,1.7078817922704745,0.9786561846463275,-0.4794080303974609,0.2704918032786885,-0.08540743356536848,0.47959183673469385
68,69,Male,19,48,59,2.9444389791664403,4.358898943540674,3.871201010907891,-1.774479917848146,0.039810239570364114,-0.4794080303974609,0.2704918032786885,0.34162973426147336,0.5918367346938775
69,70,Female,32,48,47,3.4657359027997265,5.656854249492381,3.871201010907891,-0.35075709457389376,0.42364641478996923,-0.4794080303974609,0.2704918032786885,-0.12422899427689955,0.4693877551020408
70,71,Male,70,49,55,4.248495242049359,8.366600265340756,3.8918202981106265,1.7870501432925987,1.0000000000000004,-0.44123860122568853,0.2786885245901639,0.18634349141534906,0.5510204081632653
71,72,Female,47,49,42,3.8501476017100584,6.855654600401044,3.8918202981106265,0.6991161819798588,0.7066926203785697,-0.44123860122568853,0.2786885245901639,-0.31833679783455493,0.4183673469387755
72,73,Female,60,50,49,4.0943445622221,7.745966692414834,3.912023005428146,1.3660466208400122,0.8864973018831397,-0.4030691720539161,0.28688524590163933,-0.046585872853837404,0.48979591836734687
73,74,Female,60,50,56,4.0943445622221,7.745966692414834,3.912023005428146,1.3660466208400122,0.8864973018831397,-0.4030691720539161,0.28688524590163933,0.22516505212688012,0.5612244897959183
74,75,Male,59,54,47,4.07753744390572,7.681145747868608,3.9889840465642745,1.3201444164423226,0.8741220513904642,-0.2503914553668267,0.319672131147541,-0.12422899427689955,0.4693877551020408
75,76,Male,26,54,54,3.258096538021482,5.0990195135927845,3.9889840465642745,-0.9178444669385026,0.2707594592214848,-0.2503914553668267,0.319672131147541,0.14752193070381797,0.5408163265306122
76,77,Female,45,54,53,3.8066624897703196,6.708203932499369,3.9889840465642745,0.5803532590956374,0.6746740944881555,-0.2503914553668267,0.319672131147541,0.1087003699922869,0.5306122448979591
77,78,Male,40,54,48,3.6888794541139363,6.324555320336759,3.9889840465642745,0.258674023220303,0.587949259058465,-0.2503914553668267,0.319672131147541,-0.08540743356536848,0.47959183673469385
78,79,Female,23,54,52,3.1354942159291497,4.795831523312719,3.9889840465642745,-1.2526857373083728,0.18048613465057795,-0.2503914553668267,0.319672131147541,0.06987880928075582,0.520408163265306
79,80,Female,49,54,42,3.8918202981106265,7.0,3.9889840465642745,0.8129291862066097,0.7373766464533795,-0.2503914553668267,0.319672131147541,-0.31833679783455493,0.4183673469387755
80,81,Male,57,54,51,4.04305126783455,7.54983443527075,3.9889840465642745,1.2259586391356498,0.8487295326146977,-0.2503914553668267,0.319672131147541,0.03105724856922475,0.510204081632653
81,82,Male,38,54,55,3.6375861597263857,6.164414002968976,3.9889840465642745,0.11858604151593927,0.550181489790023,-0.2503914553668267,0.319672131147541,0.18634349141534906,0.5510204081632653
82,83,Male,67,54,41,4.204692619390966,8.18535277187245,3.9889840465642745,1.6674200615277293,0.9677476877695663,-0.2503914553668267,0.319672131147541,-0.357158358546086,0.4081632653061224
83,84,Female,46,54,44,3.828641396489095,6.782329983125268,3.9889840465642745,0.6403802220557125,0.6908573848702368,-0.2503914553668267,0.319672131147541,-0.24069367641149278,0.43877551020408156
84,85,Female,21,54,57,3.044522437723423,4.58257569495584,3.9889840465642745,-1.5011402956100597,0.11350269811686031,-0.2503914553668267,0.319672131147541,0.2639866128384112,0.5714285714285714
85,86,Male,48,54,46,3.871201010907891,6.928203230275509,3.9889840465642745,0.7566155030458167,0.722194457614644,-0.2503914553668267,0.319672131147541,-0.16305055498843063,0.4591836734693877
86,87,Female,55,57,58,4.007333185232471,7.416198487095663,4.04305126783455,1.1284083811181134,0.8224299486528244,-0.13588316785150967,0.3442622950819672,0.30280817354994227,0.5816326530612245
87,88,Female,22,57,55,3.091042453358316,4.69041575982343,4.04305126783455,-1.3740886960401686,0.1477558541646693,-0.13588316785150967,0.3442622950819672,0.18634349141534906,0.5510204081632653
88,89,Female,34,58,60,3.5263605246161616,5.830951894845301,4.060443010546419,-0.1851841670936108,0.46828493442666863,-0.09771373867973732,0.3524590163934426,0.38045129497300445,0.6020408163265305
89,90,Female,50,58,46,3.912023005428146,7.0710678118654755,4.060443010546419,0.8681051410144996,0.7522521033269611,-0.09771373867973732,0.3524590163934426,-0.16305055498843063,0.4591836734693877
90,91,Female,68,59,55,4.219507705176107,8.246211251235321,4.07753744390572,1.7078817922704745,0.9786561846463275,-0.05954430950796496,0.36065573770491804,0.18634349141534906,0.5510204081632653
91,92,Male,18,59,41,2.8903717578961645,4.242640687119285,4.07753744390572,-1.9221438180626447,0.0,-0.05954430950796496,0.36065573770491804,-0.357158358546086,0.4081632653061224
92,93,Male,48,60,49,3.871201010907891,6.928203230275509,4.0943445622221,0.7566155030458167,0.722194457614644,-0.021374880336192604,0.36885245901639346,-0.046585872853837404,0.48979591836734687
93,94,Female,40,60,40,3.6888794541139363,6.324555320336759,4.0943445622221,0.258674023220303,0.587949259058465,-0.021374880336192604,0.36885245901639346,-0.3959799192576171,0.39795918367346933
94,95,Female,32,60,42,3.4657359027997265,5.656854249492381,4.0943445622221,-0.35075709457389376,0.42364641478996923,-0.021374880336192604,0.36885245901639346,-0.31833679783455493,0.4183673469387755
95,96,Male,24,60,52,3.1780538303479458,4.898979485566356,4.0943445622221,-1.1364504563182687,0.21182320739498461,-0.021374880336192604,0.36885245901639346,0.06987880928075582,0.520408163265306
96,97,Female,47,60,47,3.8501476017100584,6.855654600401044,4.0943445622221,0.6991161819798588,0.7066926203785697,-0.021374880336192604,0.36885245901639346,-0.12422899427689955,0.4693877551020408
97,98,Female,27,60,50,3.295836866004329,5.196152422706632,4.0943445622221,-0.8147712204429343,0.2985480428246752,-0.021374880336192604,0.36885245901639346,-0.007764312142306325,0.5
98,99,Male,48,61,42,3.871201010907891,6.928203230275509,4.110873864173311,0.7566155030458167,0.722194457614644,0.01679454883557975,0.3770491803278688,-0.31833679783455493,0.4183673469387755
99,100,Male,20,61,49,2.995732273553991,4.47213595499958,4.110873864173311,-1.6343919361437824,0.07757800883880606,0.01679454883557975,0.3770491803278688,-0.046585872853837404,0.48979591836734687
100,101,Female,23,62,41,3.1354942159291497,4.795831523312719,4.127134385045092,-1.2526857373083728,0.18048613465057795,0.0549639780073521,0.38524590163934425,-0.357158358546086,0.4081632653061224
101,102,Female,49,62,48,3.8918202981106265,7.0,4.127134385045092,0.8129291862066097,0.7373766464533795,0.0549639780073521,0.38524590163934425,-0.08540743356536848,0.47959183673469385
102,103,Male,67,62,59,4.204692619390966,8.18535277187245,4.127134385045092,1.6674200615277293,0.9677476877695663,0.0549639780073521,0.38524590163934425,0.34162973426147336,0.5918367346938775
103,104,Male,26,62,55,3.258096538021482,5.0990195135927845,4.127134385045092,-0.9178444669385026,0.2707594592214848,0.0549639780073521,0.38524590163934425,0.18634349141534906,0.5510204081632653
104,105,Male,49,62,56,3.8918202981106265,7.0,4.127134385045092,0.8129291862066097,0.7373766464533795,0.0549639780073521,0.38524590163934425,0.22516505212688012,0.5612244897959183
105,106,Female,21,62,42,3.044522437723423,4.58257569495584,4.127134385045092,-1.5011402956100597,0.11350269811686031,0.0549639780073521,0.38524590163934425,-0.31833679783455493,0.4183673469387755
106,107,Female,66,63,50,4.189654742026425,8.12403840463596,4.143134726391533,1.6263498609436249,0.9566751472090025,0.09313340717912445,0.39344262295081966,-0.007764312142306325,0.5
107,108,Male,54,63,46,3.9889840465642745,7.3484692283495345,4.143134726391533,1.0782947389211512,0.8089192930443341,0.09313340717912445,0.39344262295081966,-0.16305055498843063,0.4591836734693877
108,109,Male,68,63,43,4.219507705176107,8.246211251235321,4.143134726391533,1.7078817922704745,0.9786561846463275,0.09313340717912445,0.39344262295081966,-0.27951523712302384,0.42857142857142855
109,110,Male,66,63,48,4.189654742026425,8.12403840463596,4.143134726391533,1.6263498609436249,0.9566751472090025,0.09313340717912445,0.39344262295081966,-0.08540743356536848,0.47959183673469385
110,111,Male,65,63,52,4.174387269895637,8.06225774829855,4.143134726391533,1.5846526102197782,0.9454335537096399,0.09313340717912445,0.39344262295081966,0.06987880928075582,0.520408163265306
111,112,Female,19,63,54,2.9444389791664403,4.358898943540674,4.143134726391533,-1.774479917848146,0.039810239570364114,0.09313340717912445,0.39344262295081966,0.14752193070381797,0.5408163265306122
112,113,Female,38,64,42,3.6375861597263857,6.164414002968976,4.1588830833596715,0.11858604151593927,0.550181489790023,0.13130283635089682,0.4016393442622951,-0.31833679783455493,0.4183673469387755
113,114,Male,19,64,46,2.9444389791664403,4.358898943540674,4.1588830833596715,-1.774479917848146,0.039810239570364114,0.13130283635089682,0.4016393442622951,-0.16305055498843063,0.4591836734693877
114,115,Female,18,65,48,2.8903717578961645,4.242640687119285,4.174387269895637,-1.9221438180626447,0.0,0.16947226552266917,0.4098360655737705,-0.08540743356536848,0.47959183673469385
115,116,Female,19,65,50,2.9444389791664403,4.358898943540674,4.174387269895637,-1.774479917848146,0.039810239570364114,0.16947226552266917,0.4098360655737705,-0.007764312142306325,0.5
116,117,Female,63,65,43,4.143134726391533,7.937253933193772,4.174387269895637,1.4992982613737351,0.9224219911611939,0.16947226552266917,0.4098360655737705,-0.27951523712302384,0.42857142857142855
117,118,Female,49,65,59,3.8918202981106265,7.0,4.174387269895637,0.8129291862066097,0.7373766464533795,0.16947226552266917,0.4098360655737705,0.34162973426147336,0.5918367346938775
118,119,Female,51,67,43,3.9318256327243257,7.14142842854285,4.204692619390966,0.9221884305260984,0.7668329772513429,0.24581112386621387,0.42622950819672134,-0.27951523712302384,0.42857142857142855
119,120,Female,50,67,57,3.912023005428146,7.0710678118654755,4.204692619390966,0.8681051410144996,0.7522521033269611,0.24581112386621387,0.42622950819672134,0.2639866128384112,0.5714285714285714
120,121,Male,27,67,56,3.295836866004329,5.196152422706632,4.204692619390966,-0.8147712204429343,0.2985480428246752,0.24581112386621387,0.42622950819672134,0.22516505212688012,0.5612244897959183
121,122,Female,38,67,40,3.6375861597263857,6.164414002968976,4.204692619390966,0.11858604151593927,0.550181489790023,0.24581112386621387,0.42622950819672134,-0.3959799192576171,0.39795918367346933
122,123,Female,40,69,58,3.6888794541139363,6.324555320336759,4.23410650459726,0.258674023220303,0.587949259058465,0.3221499822097586,0.4426229508196722,0.30280817354994227,0.5816326530612245
123,124,Male,39,69,91,3.6635616461296463,6.244997998398398,4.23410650459726,0.1895281306812067,0.5693075020461595,0.3221499822097586,0.4426229508196722,1.5839196770304678,0.9183673469387754
124,125,Female,23,70,29,3.1354942159291497,4.795831523312719,4.248495242049359,-1.2526857373083728,0.18048613465057795,0.36031941138153095,0.4508196721311476,-0.823017087084459,0.2857142857142857
125,126,Female,31,70,77,3.4339872044851463,5.5677643628300215,4.248495242049359,-0.43746650019377853,0.40026952845744557,0.36031941138153095,0.4508196721311476,1.0404178270690327,0.7755102040816326
126,127,Male,43,71,35,3.7612001156935624,6.557438524302,4.2626798770413155,0.45619020222932966,0.6411996905718551,0.3984888405533033,0.4590163934426229,-0.5900877228152724,0.346938775510204
127,128,Male,40,71,95,3.6888794541139363,6.324555320336759,4.2626798770413155,0.258674023220303,0.587949259058465,0.3984888405533033,0.4590163934426229,1.7392059198765921,0.9591836734693877
128,129,Male,59,71,11,4.07753744390572,7.681145747868608,4.2626798770413155,1.3201444164423226,0.8741220513904642,0.3984888405533033,0.4590163934426229,-1.5218051798920182,0.1020408163265306
129,130,Male,38,71,75,3.6375861597263857,6.164414002968976,4.2626798770413155,0.11858604151593927,0.550181489790023,0.3984888405533033,0.4590163934426229,0.9627747056459706,0.7551020408163265
130,131,Male,47,71,9,3.8501476017100584,6.855654600401044,4.2626798770413155,0.6991161819798588,0.7066926203785697,0.3984888405533033,0.4590163934426229,-1.5994483013150804,0.08163265306122448
131,132,Male,39,71,75,3.6635616461296463,6.244997998398398,4.2626798770413155,0.1895281306812067,0.5693075020461595,0.3984888405533033,0.4590163934426229,0.9627747056459706,0.7551020408163265
132,133,Female,25,72,34,3.2188758248682006,5.0,4.276666119016055,-1.0249608183495857,0.24188085310730223,0.43665826972507565,0.4672131147540983,-0.6289092835268035,0.336734693877551
133,134,Female,31,72,71,3.4339872044851463,5.5677643628300215,4.276666119016055,-0.43746650019377853,0.40026952845744557,0.43665826972507565,0.4672131147540983,0.8074884627998463,0.7142857142857142
134,135,Male,20,73,5,2.995732273553991,4.47213595499958,4.290459441148391,-1.6343919361437824,0.07757800883880606,0.474827698896848,0.47540983606557374,-1.7547345441612048,0.04081632653061224
135,136,Female,29,73,88,3.367295829986474,5.385164807134504,4.290459441148391,-0.6196084382806488,0.3511639977182761,0.474827698896848,0.47540983606557374,1.4674549948958746,0.8877551020408162
136,137,Female,44,73,7,3.784189633918261,6.6332495807108,4.290459441148391,0.5189772633239155,0.6581271043843278,0.474827698896848,0.47540983606557374,-1.6770914227381426,0.061224489795918366
137,138,Male,32,73,73,3.4657359027997265,5.656854249492381,4.290459441148391,-0.35075709457389376,0.42364641478996923,0.474827698896848,0.47540983606557374,0.8851315842229084,0.7346938775510203
138,139,Male,19,74,10,2.9444389791664403,4.358898943540674,4.30406509320417,-1.774479917848146,0.039810239570364114,0.5129971280686204,0.48360655737704916,-1.5606267406035494,0.09183673469387754
139,140,Female,35,74,72,3.5553480614894135,5.916079783099616,4.30406509320417,-0.10601581607148798,0.48962874978034066,0.5129971280686204,0.48360655737704916,0.8463100235113773,0.7244897959183673
140,141,Female,57,75,5,4.04305126783455,7.54983443527075,4.31748811353631,1.2259586391356498,0.8487295326146977,0.5511665572403928,0.4918032786885246,-1.7547345441612048,0.04081632653061224
141,142,Male,32,75,93,3.4657359027997265,5.656854249492381,4.31748811353631,-0.35075709457389376,0.42364641478996923,0.5511665572403928,0.4918032786885246,1.66156279845353,0.9387755102040816
142,143,Female,28,76,40,3.332204510175204,5.291502622129181,4.330733340286331,-0.7154469338656847,0.3253259055118445,0.5893359864121651,0.5,-0.3959799192576171,0.39795918367346933
143,144,Female,32,76,87,3.4657359027997265,5.656854249492381,4.330733340286331,-0.35075709457389376,0.42364641478996923,0.5893359864121651,0.5,1.4286334341843434,0.8775510204081631
144,145,Male,25,77,12,3.2188758248682006,5.0,4.343805421853684,-1.0249608183495857,0.24188085310730223,0.6275054155839375,0.5081967213114754,-1.4829836191804873,0.11224489795918367
145,146,Male,28,77,97,3.332204510175204,5.291502622129181,4.343805421853684,-0.7154469338656847,0.3253259055118445,0.6275054155839375,0.5081967213114754,1.8168490412996543,0.9795918367346937
146,147,Male,48,77,36,3.871201010907891,6.928203230275509,4.343805421853684,0.7566155030458167,0.722194457614644,0.6275054155839375,0.5081967213114754,-0.5512661621037414,0.3571428571428571
147,148,Female,32,77,74,3.4657359027997265,5.656854249492381,4.343805421853684,-0.35075709457389376,0.42364641478996923,0.6275054155839375,0.5081967213114754,0.9239531449344395,0.7448979591836734
148,149,Female,34,78,22,3.5263605246161616,5.830951894845301,4.356708826689592,-0.1851841670936108,0.46828493442666863,0.6656748447557098,0.5163934426229508,-1.0947680120651764,0.21428571428571425
149,150,Male,34,78,90,3.5263605246161616,5.830951894845301,4.356708826689592,-0.1851841670936108,0.46828493442666863,0.6656748447557098,0.5163934426229508,1.5450981163189368,0.9081632653061223
150,151,Male,43,78,17,3.7612001156935624,6.557438524302,4.356708826689592,0.45619020222932966,0.6411996905718551,0.6656748447557098,0.5163934426229508,-1.288875815622832,0.16326530612244897
151,152,Male,39,78,88,3.6635616461296463,6.244997998398398,4.356708826689592,0.1895281306812067,0.5693075020461595,0.6656748447557098,0.5163934426229508,1.4674549948958746,0.8877551020408162
152,153,Female,44,78,20,3.784189633918261,6.6332495807108,4.356708826689592,0.5189772633239155,0.6581271043843278,0.6656748447557098,0.5163934426229508,-1.1724111334882386,0.19387755102040813
153,154,Female,38,78,76,3.6375861597263857,6.164414002968976,4.356708826689592,0.11858604151593927,0.550181489790023,0.6656748447557098,0.5163934426229508,1.0015962663575015,0.7653061224489796
154,155,Female,47,78,16,3.8501476017100584,6.855654600401044,4.356708826689592,0.6991161819798588,0.7066926203785697,0.6656748447557098,0.5163934426229508,-1.327697376334363,0.1530612244897959
155,156,Female,27,78,89,3.295836866004329,5.196152422706632,4.356708826689592,-0.8147712204429343,0.2985480428246752,0.6656748447557098,0.5163934426229508,1.5062765556074056,0.8979591836734693
156,157,Male,37,78,1,3.6109179126442243,6.082762530298219,4.356708826689592,0.045751941972510334,0.5305453908687316,0.6656748447557098,0.5163934426229508,-1.9100207870073291,0.0
157,158,Female,30,78,78,3.4011973816621555,5.477225575051661,4.356708826689592,-0.5270193385240719,0.3761260516634808,0.6656748447557098,0.5163934426229508,1.0792393877805637,0.7857142857142856
158,159,Male,34,78,1,3.5263605246161616,5.830951894845301,4.356708826689592,-0.1851841670936108,0.46828493442666863,0.6656748447557098,0.5163934426229508,-1.9100207870073291,0.0
159,160,Female,30,78,73,3.4011973816621555,5.477225575051661,4.356708826689592,-0.5270193385240719,0.3761260516634808,0.6656748447557098,0.5163934426229508,0.8851315842229084,0.7346938775510203
160,161,Female,56,79,35,4.02535169073515,7.483314773547883,4.3694478524670215,1.1776190254984018,0.8356971557315043,0.7038442739274822,0.5245901639344263,-0.5900877228152724,0.346938775510204
161,162,Female,29,79,83,3.367295829986474,5.385164807134504,4.3694478524670215,-0.6196084382806488,0.3511639977182761,0.7038442739274822,0.5245901639344263,1.2733471913382193,0.836734693877551
162,163,Male,19,81,5,2.9444389791664403,4.358898943540674,4.394449154672439,-1.774479917848146,0.039810239570364114,0.7801831322710269,0.5409836065573771,-1.7547345441612048,0.04081632653061224
163,164,Female,31,81,93,3.4339872044851463,5.5677643628300215,4.394449154672439,-0.43746650019377853,0.40026952845744557,0.7801831322710269,0.5409836065573771,1.66156279845353,0.9387755102040816
164,165,Male,50,85,26,3.912023005428146,7.0710678118654755,4.442651256490317,0.8681051410144996,0.7522521033269611,0.9328608489581163,0.5737704918032787,-0.9394817692190521,0.2551020408163265
165,166,Female,36,85,75,3.58351893845611,6.0,4.442651256490317,-0.029077858698559354,0.5103712502196593,0.9328608489581163,0.5737704918032787,0.9627747056459706,0.7551020408163265
166,167,Male,42,86,20,3.7376696182833684,6.48074069840786,4.454347296253507,0.3919256637540258,0.6238739483365197,0.9710302781298886,0.5819672131147541,-1.1724111334882386,0.19387755102040813
167,168,Female,33,86,95,3.4965075614664802,5.744562646538029,4.454347296253507,-0.2667160984204594,0.4463038969893436,0.9710302781298886,0.5819672131147541,1.7392059198765921,0.9591836734693877
168,169,Female,36,87,27,3.58351893845611,6.0,4.465908118654584,-0.029077858698559354,0.5103712502196593,1.009199707301661,0.5901639344262295,-0.900660208507521,0.26530612244897955
169,170,Male,32,87,63,3.4657359027997265,5.656854249492381,4.465908118654584,-0.35075709457389376,0.42364641478996923,1.009199707301661,0.5901639344262295,0.49691597710759766,0.6326530612244897
170,171,Male,40,87,13,3.6888794541139363,6.324555320336759,4.465908118654584,0.258674023220303,0.587949259058465,1.009199707301661,0.5901639344262295,-1.444162058468956,0.12244897959183672
171,172,Male,28,87,75,3.332204510175204,5.291502622129181,4.465908118654584,-0.7154469338656847,0.3253259055118445,1.009199707301661,0.5901639344262295,0.9627747056459706,0.7551020408163265
172,173,Male,36,87,10,3.58351893845611,6.0,4.465908118654584,-0.029077858698559354,0.5103712502196593,1.009199707301661,0.5901639344262295,-1.5606267406035494,0.09183673469387754
173,174,Male,36,87,92,3.58351893845611,6.0,4.465908118654584,-0.029077858698559354,0.5103712502196593,1.009199707301661,0.5901639344262295,1.622741237741999,0.9285714285714285
174,175,Female,52,88,13,3.9512437185814275,7.211102550927978,4.477336814478207,0.9752214924255828,0.7811307094411442,1.0473691364734332,0.5983606557377049,-1.444162058468956,0.12244897959183672
175,176,Female,30,88,86,3.4011973816621555,5.477225575051661,4.477336814478207,-0.5270193385240719,0.3761260516634808,1.0473691364734332,0.5983606557377049,1.3898118734728124,0.8673469387755102
176,177,Male,58,88,15,4.060443010546419,7.615773105863909,4.477336814478207,1.2734575210834354,0.861535247937935,1.0473691364734332,0.5983606557377049,-1.3665189370458939,0.14285714285714282
177,178,Male,27,88,69,3.295836866004329,5.196152422706632,4.477336814478207,-0.8147712204429343,0.2985480428246752,1.0473691364734332,0.5983606557377049,0.7298453413767841,0.693877551020408
178,179,Male,59,93,14,4.07753744390572,7.681145747868608,4.532599493153256,1.3201444164423226,0.8741220513904642,1.238216282332295,0.639344262295082,-1.405340497757425,0.13265306122448978
179,180,Male,35,93,90,3.5553480614894135,5.916079783099616,4.532599493153256,-0.10601581607148798,0.48962874978034066,1.238216282332295,0.639344262295082,1.5450981163189368,0.9081632653061223
180,181,Female,37,97,32,3.6109179126442243,6.082762530298219,4.574710978503383,0.045751941972510334,0.5305453908687316,1.3908939990193845,0.6721311475409836,-0.7065524049498657,0.31632653061224486
181,182,Female,32,97,86,3.4657359027997265,5.656854249492381,4.574710978503383,-0.35075709457389376,0.42364641478996923,1.3908939990193845,0.6721311475409836,1.3898118734728124,0.8673469387755102
182,183,Male,46,98,15,3.828641396489095,6.782329983125268,4.584967478670572,0.6403802220557125,0.6908573848702368,1.429063428191157,0.680327868852459,-1.3665189370458939,0.14285714285714282
183,184,Female,29,98,88,3.367295829986474,5.385164807134504,4.584967478670572,-0.6196084382806488,0.3511639977182761,1.429063428191157,0.680327868852459,1.4674549948958746,0.8877551020408162
184,185,Female,41,99,39,3.713572066704308,6.4031242374328485,4.59511985013459,0.3261124340709911,0.6061306784054459,1.4672328573629292,0.6885245901639344,-0.43480147996914814,0.38775510204081626
185,186,Male,30,99,97,3.4011973816621555,5.477225575051661,4.59511985013459,-0.5270193385240719,0.3761260516634808,1.4672328573629292,0.6885245901639344,1.8168490412996543,0.9795918367346937
186,187,Female,54,101,24,3.9889840465642745,7.3484692283495345,4.61512051684126,1.0782947389211512,0.8089192930443341,1.543571715706474,0.7049180327868853,-1.0171248906421142,0.2346938775510204
187,188,Male,28,101,68,3.332204510175204,5.291502622129181,4.61512051684126,-0.7154469338656847,0.3253259055118445,1.543571715706474,0.7049180327868853,0.691023780665253,0.6836734693877551
188,189,Female,41,103,17,3.713572066704308,6.4031242374328485,4.634728988229636,0.3261124340709911,0.6061306784054459,1.6199105740500186,0.7213114754098361,-1.288875815622832,0.16326530612244897
189,190,Female,36,103,85,3.58351893845611,6.0,4.634728988229636,-0.029077858698559354,0.5103712502196593,1.6199105740500186,0.7213114754098361,1.3509903127612812,0.8571428571428571
190,191,Female,34,103,23,3.5263605246161616,5.830951894845301,4.634728988229636,-0.1851841670936108,0.46828493442666863,1.6199105740500186,0.7213114754098361,-1.0559464513536454,0.22448979591836732
191,192,Female,32,103,69,3.4657359027997265,5.656854249492381,4.634728988229636,-0.35075709457389376,0.42364641478996923,1.6199105740500186,0.7213114754098361,0.7298453413767841,0.693877551020408
192,193,Male,33,113,8,3.4965075614664802,5.744562646538029,4.727387818712341,-0.2667160984204594,0.4463038969893436,2.0016048657677423,0.8032786885245902,-1.6382698620266116,0.07142857142857142
193,194,Female,38,113,91,3.6375861597263857,6.164414002968976,4.727387818712341,0.11858604151593927,0.550181489790023,2.0016048657677423,0.8032786885245902,1.5839196770304678,0.9183673469387754
194,195,Female,47,120,16,3.8501476017100584,6.855654600401044,4.787491742782046,0.6991161819798588,0.7066926203785697,2.2687908699701484,0.8606557377049181,-1.327697376334363,0.1530612244897959
195,196,Female,35,120,79,3.5553480614894135,5.916079783099616,4.787491742782046,-0.10601581607148798,0.48962874978034066,2.2687908699701484,0.8606557377049181,1.118060948492095,0.7959183673469387
196,197,Female,45,126,28,3.8066624897703196,6.708203932499369,4.836281906951478,0.5803532590956374,0.6746740944881555,2.4978074450007828,0.9098360655737705,-0.86183864779599,0.2755102040816326
197,198,Male,32,126,74,3.4657359027997265,5.656854249492381,4.836281906951478,-0.35075709457389376,0.42364641478996923,2.4978074450007828,0.9098360655737705,0.9239531449344395,0.7448979591836734
198,199,Male,32,137,18,3.4657359027997265,5.656854249492381,4.919980925828125,-0.35075709457389376,0.42364641478996923,2.9176711658902788,1.0,-1.2500542549113007,0.173469387755102
199,200,Male,30,137,83,3.4011973816621555,5.477225575051661,4.919980925828125,-0.5270193385240719,0.3761260516634808,2.9176711658902788,1.0,1.2733471913382193,0.836734693877551
